"sample_size","r","q50","q95","alpha","beta"
378,0.32700474032005,4.69377703741878,13.4699949499369,1.94065085014054,0.345022784294994
378,0.344958353492418,4.29486793641748,12.3279598205426,1.93974354271373,0.376857339962957
378,0.331800654676683,4.4210695698941,13.4116785119001,1.74533014518024,0.322461677665349
378,0.360503998824955,4.04590094661353,12.3221771090549,1.73256882185821,0.349237366926147
378,0.312686187027573,4.23685752900609,12.9943348957739,1.71009054421846,0.328271288192246
378,0.311054216696378,4.83944992092676,13.6768630979045,2.00062465439916,0.346926729007629
378,0.326919704831363,4.40422984759365,13.9039713922169,1.62302641459819,0.296206791930698
378,0.312328363919222,4.26518583049787,12.7030861102855,1.80662275302105,0.348486180912118
378,0.378719551947657,4.32931279659103,13.1609476885262,1.73866360392908,0.327759840871414
378,0.364143941580806,4.02707082551871,12.004253459372,1.8034927277272,0.36833382348018
378,0.364537096943372,4.17617027471071,13.2295187923057,1.61322493713291,0.310060211453676
378,0.370594076156371,3.980232265192,12.5674766367695,1.622622717713,0.327667270203602
378,0.320214043701686,4.32939871608066,13.5501927457009,1.64852705201938,0.307151219767333
378,0.305266295046459,5.01142306324986,13.603795907382,2.17278143816402,0.369139940284875
378,0.359071740129267,4.25309006171323,12.7555367496823,1.78310027113055,0.343995717705603
378,0.36455359404434,4.33995459585965,13.556251420192,1.65445842208171,0.307748114715207
378,0.361412507276812,4.58990908126943,13.1351522153852,1.95148701774306,0.355151487769996
378,0.313175092403681,4.1507911609053,13.3036187026499,1.57984098633942,0.304036469026082
378,0.303627257682187,4.52404160560885,13.0272521782774,1.92769361861692,0.355105121094466
378,0.321765318963582,4.5848783685925,13.7259462516376,1.78871371311945,0.320347431548498
378,0.321721089803,4.66796205140792,14.2342021980245,1.72880269175989,0.301885067059099
378,0.29304817143775,4.74416881811704,12.9795893228193,2.13718042457863,0.382497324957433
378,0.324010621661123,4.83666520741609,14.0401643262198,1.89746646339147,0.325965702270477
378,0.336057397822239,4.50385010765275,13.9165545652228,1.68705317193991,0.303741670817751
378,0.33963238447973,4.26749379608451,13.1275904595679,1.70078755746003,0.323752611218471
378,0.282929022610139,4.86257979177036,13.4795385256929,2.08030443764215,0.361541085999785
378,0.338602807933407,4.61523293162208,12.7123267065311,2.10785946056986,0.386850266728953
378,0.338156215195809,4.79532385934836,14.0482693985113,1.8642255945971,0.321896366440869
378,0.297835651129071,4.69466326823318,13.1992842317395,2.02119219811819,0.3619927493117
378,0.30511772017197,4.62597687418163,14.5724311345987,1.62912863739474,0.283330880185827
378,0.324799378316718,4.83354026531825,14.3227773473618,1.82388473020305,0.311078822595779
378,0.328348183649849,4.907450934832,13.3200208336072,2.17264814511863,0.376968137989306
378,0.356830783246934,4.14213238826021,11.5366385925772,2.06018382418183,0.419637254904847
378,0.33147872503054,4.45806518516657,14.0354314625826,1.63101248453746,0.294400544630425
378,0.355766210264235,4.23555487196656,13.7281285266604,1.54945991929292,0.290845413186511
378,0.315287938593473,4.51096667546693,13.1025344387304,1.89546842467556,0.349052626265384
378,0.34941206097763,4.65695046510814,14.0882847879228,1.75433517588007,0.308041290219865
378,0.323298216207345,4.74170194329747,14.1968366445043,1.78865358841051,0.309720066975267
378,0.351182680023341,4.41101130196551,13.8839690028392,1.63182807327068,0.297725381558504
378,0.384596014979303,4.32830032835823,13.7344510874364,1.60850941911536,0.29807828593329
378,0.296412263125467,4.39453750480974,13.4851076338388,1.7086312190689,0.316140624182601
378,0.337478803821809,4.43571535727864,12.584135105193,1.98529343003807,0.375069700293744
378,0.32848872840995,4.23057788544274,13.1641089347272,1.66597502546872,0.318396681396797
378,0.341377563776357,4.30215100826466,13.045398572478,1.74656250314172,0.331680808792077
378,0.387567284365233,4.1811021602599,13.2574170091555,1.61033607275557,0.309033807845553
378,0.301726097690796,4.39923152903998,13.13869776542,1.79713535506875,0.33573333119777
378,0.332956657281387,4.25042448420687,12.6038503552476,1.82168596143877,0.353208966236233
378,0.329018365282649,4.64687776024033,12.8329224655024,2.0960854208087,0.381742223984828
378,0.327646745383501,4.38479294945181,13.0573208054138,1.80697331696437,0.339070119952127
378,0.350038770740478,4.4672815419396,14.1089403779349,1.62164072084902,0.291743323862246
378,0.361132123909617,4.5199961254128,13.980448046907,1.6839556486003,0.301967511918606
378,0.338074705072582,4.19438228915505,12.8411667491536,1.71569403649,0.332920783231952
378,0.342692061458505,4.02593197354885,13.8401835795894,1.4030173684414,0.270079117492824
378,0.312873971352142,4.40958654231721,12.6623815097485,1.93816100356543,0.366697982288859
378,0.440579427271563,4.15455089972628,13.0322075750523,1.64159929010812,0.318448110915684
378,0.330481323356774,4.65451103812699,13.3526348500674,1.94220196924396,0.348234309970464
378,0.352261724381248,4.3353423287347,12.5669376711973,1.90269004285527,0.364857163733164
378,0.342500551433283,4.39363184546291,13.8189790838629,1.63414553627991,0.299417877558236
378,0.331033243765916,4.59177251514471,13.151176119828,1.94801393122986,0.354288455205184
378,0.309742181988985,4.6427417338727,13.7194394677177,1.83362862613157,0.325932481896386
378,0.311427116777208,4.39082585681889,12.3741944987106,2.01201702011867,0.384937183071089
378,0.310540559621136,4.41008784023547,12.4371045204173,2.00888059830812,0.382590313999911
378,0.303026825094567,4.54079910512615,14.0497915320144,1.68281921044373,0.300348245197472
378,0.363593437872871,4.59197998764744,13.9420828071609,1.74229565360175,0.309826447570749
378,0.358226334441175,4.19017887438363,14.1977997072624,1.43702979183186,0.267479193356677
378,0.326195536860283,4.40454965313155,12.2359730789192,2.07095013728726,0.397061801941189
378,0.349112845752611,4.57875759507859,13.2508222087543,1.90922394299047,0.346844489016491
378,0.32504070590208,4.05561579036124,13.005071398922,1.57879533696221,0.310882167454855
378,0.31965844444349,4.66927931049945,12.9354202970292,2.08270578872024,0.377060624388322
378,0.280370018593013,5.02230103177569,14.3213206282494,1.96529934194374,0.327317198195966
378,0.342727891006937,4.47061975192804,13.7983182879749,1.69022822722222,0.30672283108877
378,0.310678834678101,4.50931824344134,13.4914604439994,1.79061324772696,0.326151089103641
378,0.439636561448247,4.33683157908983,13.4253630389689,1.68134887809383,0.31413036057202
378,0.313675501332538,4.53212279205651,14.5628258370808,1.57312373302974,0.276957850002291
378,0.3167238075214,4.4256888493422,12.9294983982775,1.87448341682016,0.351047005883654
378,0.303743961913657,4.66558049432854,13.6378548121835,1.87223137098792,0.332549058474312
378,0.345070898205139,4.04319962974132,13.1666320593577,1.53708346689713,0.301627337139704
378,0.343809640309374,4.46393054398393,13.6409759320183,1.72194829486309,0.314169890851796
378,0.36301424065609,4.35874086347293,12.3552254903003,1.98873701572227,0.382474842166417
378,0.306035874772761,4.5070742413848,14.0343413744,1.66398501663876,0.298411768308738
378,0.329612431507867,4.17176724656233,13.3663346031924,1.58131317213718,0.302807662272176
378,0.33734994046989,4.4707766946398,12.9879688092253,1.89459400164633,0.352013497967255
378,0.303979868808971,4.81065492437026,14.4424412685049,1.7794133425128,0.303389628613709
378,0.378029049799441,4.44068595038691,13.2011429511131,1.81268929965574,0.336094180139909
378,0.300271280137917,4.78094300422805,13.5375024441816,1.99264329829998,0.349539135348739
378,0.349248256142544,4.15936016798772,12.7099703057551,1.72204369799461,0.337203162235986
378,0.349729254467012,4.57911240685299,13.318399725242,1.89030861232648,0.342744096881565
378,0.376022475357184,4.14717811149341,13.4165933507566,1.55452025641844,0.298240902526324
378,0.330733066201293,4.3405588698698,13.2446270884171,1.7266770585777,0.324169324493438
378,0.388456622763107,4.20576248867934,14.0207803132645,1.47622571472267,0.275734507047673
378,0.350851698434186,4.05568533346996,12.7592638699836,1.63309345862146,0.32413465347051
378,0.335781472503394,4.4923870900933,14.1204960026014,1.63585771782702,0.293212196494729
378,0.323758972699811,4.56836823946351,13.5999612609869,1.80783771753449,0.325654160258971
378,0.316061462928029,4.30270365444005,12.6725039227443,1.84565144471864,0.354415846155207
378,0.358487254335344,4.48765218732304,13.5120991617873,1.76987768980993,0.323101323764168
378,0.313908356071958,4.37923617865814,13.3930175720552,1.71916347590649,0.319642160214003
378,0.334628909354567,4.21080891859922,12.8748305994535,1.72007001808955,0.3326149040473
378,0.338146234736421,4.01853381647785,12.5249629580448,1.66048804167223,0.333900247318446
378,0.340752212491076,4.18585998617242,13.2898474692383,1.60651977431424,0.30778969520244
378,0.29687613461057,4.21997633879711,12.9302030201785,1.71349279657293,0.330347753639911
378,0.323793301564118,4.39314189909424,13.0957226412613,1.80370097218668,0.337666059579184
378,0.311766482841065,4.33111443251475,14.0187850775688,1.55328979724377,0.285289682621856
378,0.338762191462349,4.56447681405786,13.7131073569708,1.77707878436088,0.319232243224057
378,0.335419712566312,4.27447451634837,13.7246395993495,1.57502187853907,0.294108539625737
378,0.312495793187065,4.67564864476398,13.8649187128408,1.82158690573701,0.321066876283536
378,0.336848823328018,4.24097749757147,14.4082814821825,1.43032592469637,0.262750541819933
378,0.367492608447953,4.08296766776324,12.2102825036878,1.79267568531852,0.360646500516636
378,0.303697068031124,4.49031882755975,14.1518141502953,1.62789982714988,0.29162186215027
378,0.348559356550346,4.1437505245312,13.213189695795,1.5942570332287,0.307985411972711
378,0.31698140453344,4.19366551468863,12.7644396334936,1.73473023860637,0.337428637316078
378,0.373476517564196,4.26998155069856,13.343199999399,1.65292070414359,0.312461879193283
378,0.295870288314648,5.06491115413964,14.1297453933717,2.05336810313663,0.341848674191535
378,0.332760022443493,4.14889654153921,12.4075283843963,1.79245297245062,0.354881272465667
378,0.286606649021538,5.0842153479946,13.9716083172467,2.11805873272321,0.353157316139692
378,0.354119234394524,4.23626899048578,12.4986944454871,1.83909404281048,0.358475484483002
378,0.348075581350269,4.5589537503303,13.6608812098102,1.78570495729431,0.321516964273155
378,0.308424087773233,4.98436548657962,14.3893584987519,1.91822023459834,0.320414938134039
378,0.302614456126834,4.61959218626369,14.0675653789197,1.73282660674709,0.305933606221127
378,0.346846371845285,4.47572666127456,13.3990393096801,1.78874010039849,0.328165629207391
378,0.322858757761188,4.56215967815289,13.6697198177265,1.78632702774636,0.321377483617427
378,0.338006826726037,4.48773144775236,12.8810265169527,1.94023021691506,0.360735624375408
378,0.337535093815196,4.54844170439345,13.801912029439,1.74401360642246,0.31318536395289
378,0.317859156769598,4.68886712451627,13.8666973630334,1.83049420563121,0.322093381643095
378,0.304197447686391,4.66887037887872,13.3241101964972,1.96213901176005,0.351413718390221
378,0.328727368516777,4.85261975180235,13.6030782611525,2.03348706455722,0.352726499433468
378,0.359055487847483,4.31694092218585,12.3964883997065,1.93861622702733,0.374631653634081
378,0.350016445569965,4.24323046295268,13.4218255348685,1.61760292283073,0.30617735324351
378,0.314899555462281,4.92617000432691,14.3724452852173,1.87915894835806,0.316331558082019
378,0.299625028598251,4.20752122247616,12.4728884950355,1.82283674935532,0.357073163266801
378,0.345571487360913,4.31563866333518,12.6993425045664,1.84820551241738,0.354005050021953
378,0.308591604123926,4.40294560406157,13.4657599957265,1.71911536728981,0.317906026224477
378,0.349573004714186,4.46939005884709,12.6313780987084,2.00048959916878,0.375621976575021
378,0.34134600065576,4.43535520220638,13.4235138260889,1.75326868026966,0.323163007747741
378,0.335350572056351,4.386427903117,12.5185796118287,1.9619765830211,0.374001357404906
378,0.291102596461302,4.93886000950298,13.7817368015456,2.0525754973829,0.350380992299851
378,0.315427089589509,4.28185930805915,13.0444275173227,1.73147462320295,0.329768118049775
378,0.298691200154011,4.18694931142091,12.0903870654064,1.91697307816048,0.381179149887331
378,0.357171807023465,4.20687983979633,12.8850882438166,1.71460306996912,0.331653828434733
378,0.355444017084516,4.49593537733187,13.2098583880514,1.8536213963448,0.34100165235918
378,0.301386372502298,4.07278977689111,12.1395738136341,1.80365155166192,0.364248271761618
378,0.349280765876924,4.63985712306501,14.2034514736861,1.71649182145511,0.30108416598777
378,0.348456043153427,4.3858441039701,13.4937257208437,1.70030219210667,0.314907650883085
378,0.320834372844801,4.45825923498529,13.8023954976985,1.68142794393265,0.305557333326944
378,0.295533354798496,4.5442889021389,13.4144686942128,1.83718193345079,0.333767213940504
378,0.295771532346012,4.37370140554605,13.7294650288811,1.63979835741098,0.302055439228809
378,0.299428902417198,4.29371706244811,13.1127678251367,1.72355140846277,0.327020294082515
378,0.353473741926682,4.80525752132507,14.6368593557197,1.73195342194794,0.29393512165412
378,0.359148002803332,4.36575932673227,13.2751256313144,1.73759260081083,0.324810602113237
378,0.357437274826808,4.28016732150307,13.5646370311653,1.61167764518081,0.302196147366406
378,0.362352698355428,4.68936745037864,14.2124970517363,1.74815061205232,0.304610922976148
378,0.31847999126314,4.61062715124691,13.2072614579824,1.94765593000335,0.3527384266558
378,0.351711169959738,4.11725713674232,14.146459786004,1.40423355339068,0.264382261674409
378,0.309186075323334,4.46376270083218,12.9731691576957,1.89347120588003,0.352274916143691
378,0.30467522577497,4.35874473073336,13.2416277827653,1.74074645309995,0.326029585935778
378,0.313802431108996,4.70954676270273,13.7897417399163,1.86599811610666,0.328134422397873
378,0.324088744912944,4.33850648989714,13.0571132805642,1.77128932286885,0.334535155357714
378,0.297255895889487,4.39932463802865,12.6501588104937,1.93295716095011,0.366381343353939
378,0.276712751481738,5.01575606980951,13.8441458865274,2.09847273929765,0.35412953608053
378,0.302328514136814,4.31047197228663,13.223948557376,1.7092530686831,0.322470417421904
378,0.378341502445371,4.58505106698334,13.0909149305191,1.96012448313589,0.357433130461511
378,0.356098057532358,4.32920565096743,13.136101655221,1.74413502083437,0.329070757460904
378,0.347698001466325,4.34303299221779,13.0642489806796,1.77273078349297,0.334531931519951
378,0.330037393975982,4.51562134537485,13.4972511736305,1.79461634319416,0.326502961893348
378,0.338945913922326,4.67058315798612,13.9570216786258,1.79539988689766,0.315847040794357
378,0.342599015384086,4.55979695701479,13.3253366692414,1.87305545220338,0.340449384196892
378,0.321774953348741,4.69860883560467,13.7166416707108,1.87678955387634,0.331174350794437
378,0.300275691403472,4.71853318504412,13.8609382915404,1.8542921914924,0.325051166447404
378,0.286554694207866,5.0992571167923,15.2411696016458,1.79442089359649,0.289127784816425
378,0.360381155038606,4.38133467535578,13.5221064039943,1.69119547706783,0.313113647340573
378,0.313342734930444,4.63160155163642,13.1911682764742,1.96973887759876,0.355890070876708
378,0.310908638416955,4.49263836457284,13.6477299434799,1.74050342139772,0.316293749005781
378,0.355125081729268,4.20311313503445,13.1538100551164,1.6485928516802,0.316401440480826
378,0.318234937824942,4.66664656122146,13.5542619372795,1.89582117250097,0.337450117997641
378,0.335858623451866,4.72474170958062,14.5491472946129,1.6979910517253,0.291806252893497
378,0.412759272975112,4.32942076583393,12.9416254048915,1.79381310824801,0.340417926109913
378,0.320340281387009,4.50201263087105,13.1333993449006,1.87936418663419,0.34621122312562
378,0.369920041682827,4.46757441834171,13.3945172799586,1.78390703343345,0.327673364104229
378,0.354211887217592,4.20742750998037,12.6749250701925,1.76800283367168,0.344188211649714
378,0.299847524391179,4.75929319840332,14.6004654248038,1.70907195924528,0.292048357322457
378,0.29942835695443,4.81471506845303,13.1108604291548,2.15841045804719,0.381268535701198
378,0.31849053886955,4.60871427948947,14.120902975208,1.71321525595997,0.302451883376521
378,0.3015317190752,4.5573262768686,13.1585795217572,1.91738399872268,0.35029122527796
378,0.334663163167482,4.56158878838021,13.513921602501,1.8246074911375,0.329786082264057
378,0.327608908875557,4.46024793980395,13.3856499155734,1.78042858350474,0.327456090574407
378,0.327210175439668,4.95974646196701,14.1627880824557,1.95987577220029,0.330353633780737
378,0.361839477704178,4.25093595735223,13.6884710524225,1.56740881076007,0.293947158436707
378,0.310651682036884,4.81059625085055,14.5241428925504,1.76071722123478,0.299539100921927
378,0.319183053979701,4.48376472566654,14.6396776003697,1.53007609821985,0.270449806699036
378,0.317846603141788,4.46250586345122,13.7065916444003,1.70550854089466,0.310655338296931
378,0.308017788825577,4.47279318846603,13.4232948553871,1.78088992050759,0.326599678099188
378,0.339762903714384,4.39851024678837,13.6840103954353,1.66658671773632,0.306375294266726
378,0.369114626980883,4.12346997820042,13.3468002077543,1.55331976318762,0.299659260516837
378,0.32311165403728,4.60742116483759,12.9540128421923,2.02147868512381,0.368902948950237
378,0.383037572956665,4.41625552533242,13.9659024456577,1.61804584673284,0.294299524428867
378,0.33441391737649,4.52300885542974,12.6449357893271,2.04453808024518,0.380861089482957
378,0.327596630393998,4.76209426765751,14.4244593103847,1.75029319819878,0.300397347759382
378,0.357288437861756,4.53199006263183,14.1944292839914,1.64636437213943,0.292949638172103
378,0.325032802943073,4.56737068864062,12.991692506358,1.97506656861598,0.362017064875217
378,0.307621676310798,4.81585585396636,14.1316381677535,1.85851593891993,0.319329475186265
378,0.411026490981672,4.19755516088996,13.5643703278559,1.55758427874162,0.295390291673904
378,0.335050575729058,4.55799337960707,13.8693067488761,1.73552815109045,0.310648648205524
378,0.375330954021815,4.37988793097836,14.006369462534,1.58635822941211,0.289586570438686
378,0.285613554167254,4.71368247823055,13.3637934031774,1.98780426332231,0.353500013575013
378,0.305060659021806,4.30046385675512,13.1135202887867,1.72873992912523,0.327676266030005
378,0.332912096570702,4.55784682307583,12.7175381065986,2.05258364551998,0.379705880227347
378,0.382436882561328,4.11601455716223,12.0361964738637,1.87065040941405,0.376580122112719
378,0.313287705470951,4.50049499922386,13.3774459932594,1.81393084617,0.331835997983443
378,0.319717047047827,4.68317156776014,13.221171341977,2.0044794591986,0.359354483474715
378,0.283207145326601,4.8989092996372,13.124736915214,2.23312094523831,0.389907499105045
378,0.388189062414677,4.38043561031239,13.2249528286931,1.76076076400062,0.328959226491317
378,0.339172555862921,4.51122435284825,13.0909702382465,1.89904239893367,0.349807781922065
378,0.286997194171609,4.54098630687777,13.9443108357788,1.70637955340283,0.305457024797383
378,0.310573225924869,4.41976863003561,13.5274082327927,1.71667393191021,0.316150762989891
378,0.305854740409531,4.37827988848755,12.9749644026098,1.82363033541805,0.343349522714743
378,0.339870892092853,4.37433177036099,13.0805450800767,1.79264069787931,0.336655978696355
378,0.323225244706763,4.60411439306114,13.0855991690643,1.97800807479567,0.359793594915671
378,0.332369729706658,4.54520173268038,13.2849831299301,1.87266036187926,0.341427924091109
378,0.362030501046433,4.3447326099512,13.1488286496446,1.75304821869078,0.329885478782244
378,0.315602085458491,4.75779469351825,13.9832134867103,1.8526525855456,0.322027084843548
378,0.304586832024526,4.7343701016642,14.3173373484845,1.75549744372352,0.303245214349212
378,0.316087695216837,4.74171873531709,12.6689038225337,2.24605640721329,0.405552312624953
378,0.320726775115382,4.58697423993646,14.1114393253694,1.70103933188626,0.301199939066965
378,0.343728930197625,4.33589694613945,13.3606054431309,1.69561847779964,0.317455020174392
378,0.357436061345419,4.3811970163207,13.9073459668047,1.60738726740135,0.294222941171532
378,0.373401582511431,4.13243968686164,13.083999769632,1.61449950228659,0.313671380200284
378,0.331766499451557,4.36415370782433,13.6077439452758,1.65943104196221,0.307197653961756
378,0.314869695683925,4.60653685128593,13.4022584694427,1.8890818894069,0.340457846913444
378,0.411399129749161,4.15652379856833,13.5512335573157,1.53378007200325,0.292645999970073
378,0.355232303601589,4.16386184571159,13.0322502141336,1.64830244182249,0.319316199907758
378,0.369890600565139,4.11450442977927,13.3098646492298,1.55455782240176,0.300639419234189
378,0.320540879087993,4.63750216232411,13.8928319337217,1.78658660178025,0.316252717242666
378,0.335721679129185,4.5564485656751,13.0702668824826,1.94249442678815,0.355796955287791
378,0.319060513253322,4.88135004060225,13.5757108916515,2.06615663409305,0.357309398318059
378,0.310286354177842,4.61702563373851,12.973731571436,2.02383011990872,0.368627052430593
378,0.385560576321523,4.01026521868123,13.2725813624405,1.49492573859575,0.293713464829995
378,0.292992601271962,4.91429590518718,14.2764260082848,1.89529565588156,0.320331313414625
378,0.349188460642859,4.2532568785105,13.008884504355,1.71875174069917,0.329021543732951
378,0.326538656060471,4.18458682696476,12.664106589032,1.75295265217796,0.342507690855922
378,0.337872536726356,4.40305055655588,12.7683072022039,1.90132171857572,0.358925623272508
378,0.296185842930296,4.35105208659276,11.8818139368873,2.145290409127,0.418924601714826
378,0.323468476103978,4.34164367804898,13.040064513339,1.77821625186068,0.335860057187225
378,0.326125028233404,4.60181076647326,13.6200574472382,1.82804463222738,0.327632477241261
378,0.371873716186168,4.28406094211895,14.3633371690312,1.46268168240789,0.267527389691774
378,0.332743405835414,4.52832188880571,12.8740687294653,1.97660547856723,0.365529923774451
378,0.331300554299556,4.54876098446882,14.006094482348,1.69804664399693,0.30312105659217
378,0.349741841481738,4.74945269128875,12.3954356159235,2.36274875416152,0.429319788492846
378,0.453541745849457,3.88987913954444,12.1633680820981,1.65099609392995,0.342512998195676
378,0.293839921778941,4.6017051471443,13.0422367700069,1.98917595898487,0.362392449875808
378,0.367653479073493,4.2645458597149,13.7012817250409,1.57360369720825,0.294445135765069
378,0.356832630573085,4.54912151712451,13.8736583816312,1.72835622836942,0.309671660599876
378,0.315501742905405,4.45302505274971,13.3212703619663,1.79126190481749,0.330400930153495
378,0.317957364962714,4.67791926371783,13.5242204311718,1.91293066478109,0.340283567160192
378,0.355535132371698,4.28790779317753,12.7558353316503,1.81027280936008,0.347513034757134
378,0.399504003277381,3.99675153696685,12.406003870735,1.67305588466198,0.338813643120245
378,0.300824072434963,4.36116524073086,14.0546063117824,1.56534685816687,0.286024452870968
378,0.329148576257227,4.48793928265873,13.8806804822623,1.68425124887103,0.304182321970854
378,0.360800778937427,4.25425731644417,12.7302275254588,1.79047159983737,0.34563810942566
378,0.345778772204705,4.28698359879147,12.9576792720971,1.75706051850675,0.335256430609962
378,0.333405135460425,4.36377031186049,12.2990981186702,2.01148193589816,0.387215327076457
378,0.342673899696787,4.59206892957107,13.7666696560551,1.78433564270128,0.318867694977475
378,0.343084226604527,4.26243661459768,12.486325504634,1.86425818325402,0.362158711986956
378,0.315053527247973,4.95319279892155,13.8267872184961,2.05131026661797,0.349092917209977
378,0.290218154939118,4.70864065299318,13.1355164152435,2.05338352441875,0.367726594761094
378,0.37778796176931,3.79303894763649,11.3464114036116,1.79149796992796,0.387941084446825
378,0.339213367502743,4.64860417489213,14.4053716015433,1.67858284984948,0.29244085821202
378,0.372360700399778,4.30307007077124,13.2472391596443,1.69820896071168,0.320500510665774
378,0.325240483245807,4.08348967422965,13.4953177292446,1.49865933351928,0.289361351446736
378,0.32895090727846,4.51085357329628,13.7891243241989,1.72095174455138,0.310674199399254
378,0.329984805817326,4.38656746292933,13.5849631988104,1.67977544279562,0.310234874517426
378,0.324117259509277,4.39780808979822,12.5033495867167,1.97681814676392,0.376392118794211
378,0.330382132423781,4.18059999727368,12.675440041962,1.74675588769172,0.341375551396233
378,0.349874040582719,4.18765147654792,13.2326346615988,1.62039649944208,0.310910732000993
378,0.307387683668099,4.6961885329785,13.4054196247521,1.96098175509776,0.349148639560157
378,0.362406249353214,4.07080756312296,12.1326854612748,1.80411422593964,0.364528300908237
378,0.296401393042923,4.9487521064241,13.9327481426178,2.01553730665302,0.342293122608901
378,0.337494658520512,4.00228473067557,13.0370138216798,1.5362828828719,0.304528427415563
378,0.309998855422238,4.66896464486071,13.834025388738,1.82404100083158,0.322083557815218
378,0.30380857208839,4.57847913156392,13.2662876488195,1.90461029878838,0.345879114046489
378,0.334546118279994,4.55402622736791,13.2486643848032,1.88930215392734,0.34442148417897
378,0.32994555270111,4.04866694190549,13.2889960283619,1.51581995046683,0.29610480300704
378,0.313601664472738,4.72039892740794,12.9879944490642,2.11236180965211,0.379203960400948
378,0.345419234424959,4.67258766846123,13.1751382840609,2.0094899122714,0.361217797579434
378,0.342356424715061,4.5905103700934,14.1107365001967,1.70333309740856,0.301505519027652
378,0.368784034500903,4.30146202650016,12.508537461209,1.89140164213208,0.365079789534502
378,0.277207470202613,4.97180689434536,14.4705045713102,1.88776628254347,0.315175618610008
378,0.310098494760887,4.41157565277091,13.5118692413744,1.71441901174569,0.316231909320105
378,0.30641860472821,4.72728015091451,13.2847154634139,2.02346850538938,0.359956262700789
378,0.323446965512843,4.73413057885963,13.9074786980687,1.85465047190638,0.324019005730649
378,0.351657733570424,4.44299661061082,13.7884502208024,1.67397054709679,0.304951783369144
378,0.336337086009522,4.61519997476538,13.646192017135,1.83143009496494,0.32740509908262
378,0.33030847643893,4.30971512986811,14.1352866838557,1.5181754826408,0.278655184103698
378,0.316847547956148,4.48628529347284,13.9898471158581,1.6591764026779,0.298778876077468
378,0.342841604376574,3.93158033350305,12.7861254757425,1.54022338108184,0.311029332746581
378,0.369615426642355,4.59597319309227,14.1897689685553,1.68951213340366,0.298173915194635
378,0.350278614984023,4.12658871866336,12.862853117469,1.66048002748339,0.325130887366631
378,0.311394290913883,4.32415480917711,12.8430939263567,1.81576276477142,0.345861399284447
378,0.348128893953595,4.6946796629962,13.8445206223307,1.84088522901635,0.323835352346826
378,0.320069187191469,4.72246161013416,13.2447985869306,2.03165245744794,0.362040093680902
378,0.341666246170951,4.2708479436063,12.7175281014996,1.80722111029439,0.348163564175172
378,0.274962815984456,4.88808697577044,13.9895015393191,1.9510011562702,0.333411033215561
378,0.327629398079523,5.18886151465857,14.31268259915,2.10122521089118,0.342852770361588
378,0.308116245246772,4.55443323867115,13.2088110674889,1.9011227947456,0.346948633459581
378,0.282852478322789,4.57222709311333,13.2767071338666,1.89637057773076,0.344572504440568
378,0.323099557423256,4.33604329994654,13.5303929563413,1.65748853907952,0.308713471614526
378,0.346623613647896,4.04208372503435,12.0532552589793,1.80235497711843,0.366690959855514
378,0.26216558559292,5.15700387577627,14.518034258338,2.01637690229441,0.328582215253771
378,0.329986209551999,4.01703769130575,11.919918991502,1.81928956467957,0.373144527103751
378,0.32604081086247,4.33100626858268,12.969176554423,1.78826732380156,0.338987999107937
378,0.334839068003455,4.7086196628297,13.3431785382802,1.98970794057876,0.354281015945631
378,0.314120972708849,4.82299692257826,14.8443981520256,1.69891585527515,0.286080344067525
378,0.33786351880712,4.52956743923571,14.4906446699006,1.58508881989397,0.279755927602974
378,0.33658556315517,4.7384127616536,13.0315599172023,2.11447044115646,0.378187619623675
378,0.318485413694831,4.58734212873897,13.6197588205597,1.81733891924394,0.326326929503125
378,0.296809278834054,4.68758860002359,13.0309589461133,2.06847292657531,0.372534045539732
378,0.3034198920284,4.45182102136035,12.9805576621437,1.88115170248084,0.350521114795045
378,0.313078240371267,4.2912380144824,13.5334237840572,1.62624368325031,0.304737634466728
378,0.305149283861726,4.51308569150889,13.9454078961612,1.68708335686696,0.303110017591206
378,0.338069634177749,4.12882206314118,12.5752245988286,1.73220753029296,0.34216485527598
378,0.405915637277658,4.29643700299231,12.6920230083472,1.83477294615142,0.352467440099162
378,0.341244843178222,4.21975817955387,13.1805186852241,1.65435578672467,0.316499844816315
378,0.313976902721399,4.62924606763361,14.0573782218193,1.74192851232315,0.307242205742717
378,0.329808211152575,4.53207656140646,12.9309148595857,1.96285483303276,0.362187053940038
378,0.336255634483659,4.24711163836125,12.6171464402466,1.81508310164801,0.351965443526226
378,0.342274722891836,4.50514608220458,13.5541061823594,1.77249491073969,0.322421231863124
378,0.368042181495552,4.32001970605982,13.2347402517903,1.7137699350548,0.322770648434674
378,0.324251211565486,4.56829201548894,13.0596691546615,1.9552553580289,0.357671660756296
378,0.330377885684849,4.21346387781172,13.1868349034145,1.64861336259499,0.315609305993403
378,0.349851380529965,4.50244314526326,13.5728314334288,1.76594267909286,0.32116733017351
378,0.338926709076949,4.43632644851326,13.1751664705222,1.81614932620528,0.337199229582637
378,0.332620339410259,4.14540967338823,13.0645477527316,1.628365424105,0.315940596932194
378,0.318494894752784,4.34099013587851,13.4723066401655,1.67369407672131,0.31207390049982
378,0.374375809024935,4.03473456828455,12.9868589804768,1.56832037178632,0.309940994587681
378,0.31027110372947,4.72424396562084,13.32175502206,2.00942290298171,0.357251556837474
378,0.324747753350991,4.42586595923864,13.2052604000384,1.80043069596403,0.334447691268288
378,0.413187548228438,4.29200117387098,13.6342532168024,1.60505635847991,0.299825962042246
378,0.330390640920284,4.24430226870659,13.3938214462107,1.62432091051454,0.307658984998106
378,0.43833606487148,3.83778588380958,12.9271289008325,1.4512384930018,0.295692361221678
378,0.365629506516215,4.23419494533884,13.7100473849301,1.55240865683616,0.291591996775444
378,0.408895895032143,4.05354473378394,13.6416544104902,1.45316124379959,0.280452982538011
378,0.302678081292599,4.63866836533834,14.2817276407998,1.69828021463179,0.297300870995376
378,0.310106393636081,4.42150327422952,13.1840624188984,1.80231600703125,0.335228930491231
378,0.322463151739868,4.90866185794625,14.6049253803127,1.80991446056701,0.303471934522068
378,0.362158658996181,4.51958401335613,13.2246958713768,1.86838839687049,0.342455288237685
378,0.295077969276819,4.53827060064212,13.5443343246894,1.79946350162668,0.325960277411052
378,0.326778756361447,4.62533266896639,13.0309261916767,2.01326248060946,0.365693958729129
378,0.323966218283569,4.46509918379044,12.6558991101969,1.98891228820582,0.373410092761113
378,0.335160677675301,4.29735521198509,13.4500723335738,1.64785492641094,0.309338675762176
378,0.314095516931967,4.40070939064707,13.4961733439747,1.71032285196887,0.316099297217582
378,0.32565065147967,4.38835738875325,12.5027464765652,1.96870123069786,0.375364561421804
378,0.294021569420421,4.46292323498911,13.0434552766045,1.87291150420951,0.347788507083782
378,0.357779591555659,4.25333335305303,13.9745687382659,1.51340442420028,0.281259983505545
378,0.353355727837845,4.36602556211811,12.8431892042857,1.84943450060928,0.350193429190978
378,0.302863444405587,4.42359346935295,12.9127985606472,1.87731423079798,0.351857002796548
378,0.337697354730082,4.65993562229693,13.20434095185,1.99018474029771,0.358056680195687
378,0.362663021894646,4.26397618234786,12.4762376778651,1.86874630153866,0.363045737084119
378,0.316757449713943,4.47622808992075,13.0341845945855,1.88605297999926,0.349688893006379
378,0.291336881275334,4.99912572462292,13.2147717580577,2.29836155405879,0.395055889231113
378,0.314318934053861,4.71113930385256,13.5719050461534,1.9258422640944,0.340649746240681
378,0.292804859271434,4.97683283002044,14.0766298317822,1.99741937714465,0.336706083560389
378,0.325963314403018,4.6813636533263,13.7581420197827,1.8529265228997,0.327320315726467
378,0.353472150499691,4.2954389591379,12.8809949911778,1.78354478924144,0.340700253068471
378,0.358402698841896,4.67196951458182,14.3684404765779,1.70197635516134,0.295932922766845
378,0.314350007491632,4.32287254598921,13.3106225049274,1.69773503819839,0.318908860434824
378,0.374502295810708,4.40439896969754,14.0042744474585,1.6028729028149,0.291649539236856
378,0.332919642213179,4.40804607816572,12.5293028640214,1.97778705350277,0.375746165166016
378,0.310390784370098,4.69390473393901,13.5417732496169,1.92044037635823,0.34073510553249
378,0.387056804922518,4.17085668010095,13.7700135830534,1.5011293125514,0.283906669428904
378,0.331545872651807,4.60823024871425,14.1170351344934,1.71375123390649,0.302603951852979
378,0.31840892430737,4.32055893484946,13.2452043757323,1.71156726955397,0.322249644715852
378,0.329110941520935,4.37421596885682,12.6390738218016,1.9151101715791,0.364394469134364
378,0.401123951175629,4.26204735526059,12.577724563557,1.83797924110483,0.356080365531025
378,0.330113230152315,4.95622551813075,13.5021515482605,2.15629889029172,0.369965184136184
378,0.390359476630531,4.368674106543,12.8631251717412,1.84647109187358,0.349273397169931
378,0.365635719036724,3.98151719482384,13.0158096961917,1.52673409613343,0.303758212979077
378,0.349892744496666,4.01404543244425,13.2517915713155,1.501291727142,0.295039163704171
378,0.296540594549402,5.01663380969819,14.7118734749911,1.86061472169927,0.3069740641051
378,0.295852296376362,4.53247541894114,13.0171831748254,1.93778579525291,0.356651678837845
378,0.326322603342946,4.04870617285167,12.3082854953223,1.73844788024582,0.350428789500829
378,0.326912577739362,4.4902666711984,13.2115260678706,1.84873220316703,0.340335954654287
378,0.330585583440677,4.20523644559431,12.9778828315416,1.69102218809191,0.326216219394999
378,0.373727818525137,4.15489249578485,13.6466185959735,1.51432883737136,0.288143647663754
378,0.314920804764761,4.45845691511079,13.6170724898543,1.72382467196859,0.314957989605561
378,0.36253303868159,4.3117140877332,12.8304985047453,1.8094071997631,0.345378783537564
378,0.343890153085477,4.4300390216579,13.2528206205963,1.79145253793079,0.332125272980177
378,0.333513690992519,4.90717925991898,14.5467719270598,1.82269417266851,0.306141157722271
378,0.291309759315871,4.7995975982713,14.6437323480733,1.72696868475651,0.293237317783409
378,0.319320087429803,4.44581598168021,13.058184952322,1.85505232158525,0.345144747588289
378,0.316172270416469,4.53540179344123,13.6120639449039,1.78019529538553,0.321990529086745
378,0.328520767087577,4.8019504189152,14.0617410450479,1.86554866560084,0.321735853087885
378,0.288080912570234,4.55725455395961,12.5463697545758,2.10962118201982,0.392192235659974
378,0.332123372635411,4.66551633907644,14.2151768834965,1.73107020580794,0.302550566123712
378,0.341927506190658,4.4342889317827,13.9447958059435,1.63448934328463,0.296744555316835
378,0.303607759483271,4.83219183134321,13.3948587328307,2.07993626410405,0.363791187530295
378,0.316901236445917,4.33600261236142,13.4127041054972,1.68397691003188,0.314758210145156
378,0.339921574628211,4.41595179745615,13.8633709888527,1.63944544935664,0.299098890336698
378,0.319885519432712,4.73949456787761,13.7268151996622,1.90591958521237,0.334416653192631
378,0.339887756675642,4.75447077542402,14.0838919968959,1.82504400514319,0.316485593289865
378,0.341964242462756,4.22334164969219,13.9633519512328,1.49762059530741,0.279539278391457
378,0.338908995443254,4.34580385948203,13.1711116996901,1.74829262111769,0.328733451956369
378,0.299329006873341,5.1516464548226,14.6601013155973,1.97285039566429,0.320586373056716
378,0.33625368948149,4.62275107566589,13.7536691883062,1.81020208164313,0.322297857425208
378,0.294314746633575,4.59975406063344,12.8793367951249,2.03845068743384,0.37315918278853
378,0.285766625328307,4.43002542231155,13.6793889193304,1.68912546808016,0.309249975718899
378,0.359213688588889,4.54444245086385,13.3206707648128,1.86217593576788,0.339225894114638
378,0.328697369335772,4.79716312926565,12.9727293221469,2.18906744168491,0.389059283537186
378,0.325310911316644,4.40494257242212,13.0962437061721,1.81216389155437,0.338726159950452
378,0.333309943773113,4.11135670880545,12.6405507353938,1.70239841856223,0.336436950386621
378,0.349767856392827,4.6377805256224,13.4889109449794,1.89031283734081,0.338414845626703
378,0.360442894740041,4.6374270121681,13.7420657293802,1.8238865904748,0.324222572453981
378,0.317540200326383,4.77143005215754,14.153154957393,1.82062421332952,0.314416984886647
378,0.33520295808371,4.24675325139837,12.8906953899571,1.74325405897776,0.33523120754304
378,0.307503856878324,4.23882217111396,12.5958909968145,1.81436800235643,0.352476236097243
378,0.326186189040965,4.49098200106031,13.0448666320579,1.8950840396965,0.350531962789371
378,0.340286844120825,4.41918551147327,13.212722006886,1.79348289651027,0.333394023640073
378,0.330344261523065,4.53529675613477,13.7067550833404,1.75774958345704,0.317035386321678
378,0.282298602915008,5.06150868069448,14.5865489243223,1.92446973842801,0.316787556837073
378,0.33900648231066,4.64491055637638,14.1541414981948,1.73090009376577,0.30384096600213
378,0.351936784059899,4.36583657704416,13.209288915332,1.75396817352882,0.32849253906102
378,0.324487969126993,4.32310713003412,12.5684863589467,1.89204756719568,0.363423423867754
378,0.343168219014977,4.00550031004295,13.654618549972,1.42267952221254,0.276276706210506
378,0.29544831978736,4.56979789701164,14.3368727242704,1.64129915385621,0.289432039095755
378,0.338161015074721,4.14620191469021,13.0665351583348,1.62813587852436,0.315868998342221
378,0.307680115954266,4.80337568411497,14.0761478443671,1.86291212693458,0.321098871232855
378,0.289613236037975,4.62587782314523,13.934688138059,1.76798801532854,0.313065611263103
378,0.341616199028616,4.46371469145879,13.7371142589816,1.69932713267328,0.309213297100808
378,0.323356345969733,4.49683853286115,13.581882861448,1.75936393292207,0.320145793250354
378,0.312839024453966,4.49481013289298,13.1206966262108,1.87704237668224,0.34625560260682
378,0.325991525143579,4.374202668704,13.7736169903661,1.63079640451329,0.299980989205209
378,0.343876218715483,4.55213352990894,13.267871799135,1.88280299630059,0.343119599632676
378,0.342710565222663,4.59430448589831,12.5318279919032,2.1503431849227,0.39784647997484
378,0.313394931063305,3.82817892242741,11.9882789382106,1.6466993053888,0.34690917760019
378,0.328286830239948,4.34186833615579,12.8186169818023,1.83679135248345,0.349235067401922
378,0.29665766369155,4.45353291560965,12.8696442816733,1.91430098887447,0.357750405311588
378,0.327728625798008,4.30616726603515,14.1200466274901,1.51875220898303,0.279026789541278
378,0.328446630483363,4.42508667566908,13.6411153544627,1.69450030984908,0.310782304052352
378,0.333814339778117,4.35542626601356,12.6156452628609,1.90583281340104,0.363864097601268
378,0.305158424375007,4.99008261789584,14.2727546429566,1.95308488515321,0.327025654818675
378,0.338615957817459,4.52670857478427,13.3001209476605,1.85367224879151,0.338695967292261
378,0.296280168310205,5.00806856158568,13.7252804536219,2.12918536801617,0.360786815840856
378,0.286305309726081,4.64709650628842,13.608570341972,1.8654713315309,0.332439360502294
378,0.289027327151,5.25047982138607,13.7856539336326,2.33157588635597,0.38246817892404
378,0.345080381123508,4.30679501237437,14.153129862718,1.51288587353325,0.277644147255195
378,0.363321475224646,4.18358160451762,12.9190820818196,1.68908085934686,0.327455123370861
378,0.317175765271171,4.34675974747247,13.5234468141136,1.66643619187672,0.309994926605314
378,0.403480564455566,4.55953024133249,13.1023924609663,1.93535343784361,0.354026714973703
378,0.403146856056311,4.13732078452728,13.4940485510469,1.53303423389505,0.293796972279353
378,0.350859364131184,3.91657136390048,12.400937815039,1.61431132734387,0.330917269650621
378,0.339147768784123,4.17117844365871,12.9301288716064,1.67743528853807,0.325653676222364
378,0.336924669311439,3.99280725001289,11.7656016088707,1.84371734176767,0.381472411723829
378,0.305172240036548,4.67176831220493,13.9001372949356,1.80988353984739,0.318852237541381
378,0.330400215035214,4.69452868367821,13.593197758844,1.90677863295064,0.337814836707151
378,0.321445001885991,4.90073215082848,13.1307120347744,2.23236851984502,0.389634684916692
378,0.345650679582024,4.26709316586481,13.4337638108431,1.63115510259661,0.30760712428205
378,0.329842907238836,4.31308968442804,13.1490098432257,1.72921127177442,0.326878373857537
378,0.276352970384806,4.86784304483626,14.0040923860718,1.93155470286223,0.330794465334384
378,0.301371703340971,4.66724671252773,14.246978102461,1.72525557957118,0.301190122711048
378,0.32713430646512,4.42412429676389,12.7449832991951,1.92590736728128,0.362748660271833
378,0.309440789126592,4.42407158575984,13.0691087997991,1.83470336359195,0.342286088351406
378,0.29400643666696,4.60807256908712,13.3132709473153,1.91515792443288,0.345939038576992
378,0.35444019692015,4.66201902938604,13.8644546429916,1.81152872315437,0.319868647523143
378,0.386959281643072,3.87495031223655,11.8379560003059,1.72270217415271,0.362134519070652
378,0.300287170118653,4.73910386924348,13.633112686019,1.9314626022262,0.339780900333692
378,0.320202429197653,4.16887868074026,12.0486805929545,1.91409433138695,0.38210814410254
378,0.323753106897309,4.51227571285358,12.9743771155542,1.93314570027437,0.357247143063493
378,0.330666021413262,4.55039248258882,13.357226815216,1.85737786483358,0.337703181836652
378,0.334909865037643,4.55108826396978,13.0779573659376,1.93552312540676,0.354719102168938
378,0.348161721153483,4.59879130423486,13.1121230635551,1.96561797101097,0.3575432841878
378,0.350054177227978,4.14632529577912,12.7577467053208,1.70008728301898,0.333048952069892
378,0.353033467167736,4.63079185698324,13.8240877457537,1.79841548859997,0.319240494640383
378,0.376422355931329,4.53585666593787,13.9739951486711,1.69608206091561,0.303577999226405
378,0.333080258039484,4.78876305561415,13.1330729052269,2.12673244676809,0.376757827740564
378,0.341429485037496,4.21547870223517,12.8708011888879,1.72426572335436,0.333274127370515
378,0.321681292230374,4.46695094044337,13.0065611316738,1.88647253858114,0.350493867571818
378,0.314894443123742,4.76216479569229,13.9349610296788,1.86862392374222,0.325032641282177
378,0.295062335820312,4.56337584631202,13.0760486537795,1.94641469439815,0.356130962229766
378,0.355632992693023,4.35380229861593,12.9357825009776,1.81493952038088,0.343284040514681
378,0.335782656867784,4.32182665017504,12.9963618549313,1.77377365801037,0.336417716788687
378,0.349269304841224,4.41124492273742,12.3326236112455,2.04450227730271,0.390504979800301
378,0.353880204629003,4.44355836824621,13.1978599932186,1.81572157968153,0.336565575731325
378,0.374415056288343,4.19032061612393,13.0555950718016,1.66176519519986,0.320493304910778
378,0.364941033744717,4.36464267453215,13.5013491141023,1.68355562083634,0.312640474900759
378,0.319609369710801,4.7269908901432,13.16633261324,2.06022683819482,0.367699613108743
378,0.340033224503942,4.31315856029463,13.2043437246725,1.71584177741765,0.323789251053647
378,0.29574224465448,4.47548379448529,13.234828418659,1.83141837819139,0.337588249666875
378,0.344324481507293,4.53728891003131,13.3470643554456,1.84924032333827,0.336946624431932
378,0.312422229728661,4.61772982268375,14.6438332789991,1.60991454329451,0.279724061818825
378,0.344057482166117,4.34533988564583,12.9040685664268,1.8164667741912,0.34431540489735
378,0.295065296845707,5.10627818528505,14.108182707706,2.09454090846941,0.347066822489778
378,0.330722724670612,4.40370368165296,12.9073760043658,1.86240366176078,0.350103013426551
378,0.317256444837583,4.31264334900474,13.6765171837134,1.61004311990498,0.299528147961368
378,0.328114834068863,4.76990888203109,13.1041680780178,2.11870735315815,0.376603842238409
378,0.377080874150943,4.61297797726269,13.9409468810101,1.75802921991242,0.31172447470812
378,0.291309782772997,4.7853740951102,13.8209268823396,1.91634830687609,0.333373353554004
378,0.315259355617694,4.35542099206645,13.8936400288311,1.5934174367083,0.292798772967053
378,0.288614179373767,4.86961343933489,13.9230829728233,1.95445299980543,0.335402010197533
378,0.31678640892589,4.47728621485194,13.4937495756927,1.76670032877104,0.323143424504154
378,0.330480359091752,4.43504097580306,12.8545499560691,1.90350923749166,0.356807418599521
378,0.302066136758846,4.3548580528144,12.5906074350353,1.91251647758593,0.365450453410737
378,0.284561761237107,4.77751701998867,13.3481169371626,2.04694442440595,0.361071018645282
378,0.337156186227377,4.46579951750604,12.4906756683154,2.04272804197557,0.385334781295637
378,0.333636394526478,4.23819473474977,14.0435001704287,1.49175355033618,0.27721675195643
378,0.33882186782822,4.28495730122988,12.6337998802627,1.8413641155023,0.354940285348662
378,0.342109625494683,4.7842106133742,14.0585364452596,1.85350411729507,0.320397876991909
378,0.280218749334776,4.68482740964779,13.3062789140185,1.98099403705432,0.354193257653655
378,0.320878084314741,4.42796317130252,13.266902862226,1.78631362107275,0.331128373017796
378,0.324848233002718,4.36805388935142,12.9316708441944,1.82732742422149,0.344975218058905
378,0.334700783206849,4.12100175118636,12.705298447742,1.69412304535161,0.33363749269125
378,0.355123576846774,3.9796277198193,11.9246548255022,1.78598569046381,0.368353420757564
378,0.322137938121407,5.00887349085135,14.2021331634359,1.98729244420842,0.332571722794098
378,0.304819227105658,4.27877650984523,13.2647283148008,1.67682605745979,0.3173619865652
378,0.339050784159592,4.18535626745223,13.1171048479126,1.64454522689649,0.316773945326964
378,0.330486611181947,4.51587835347958,13.6872058050478,1.7478282596844,0.316274822301428
378,0.322731190242489,4.19095105647307,12.4721537798748,1.80937267484188,0.355299254649281
378,0.351936844563273,4.55601570710291,13.8631817764084,1.73560960538477,0.310790129971952
378,0.341347684433014,4.48454882379878,13.3753531039139,1.8017093055294,0.330352372539759
378,0.298832713240778,4.54359930318703,12.7295635964928,2.03546278659691,0.377166850311198
378,0.330504866049724,4.54180832609478,13.3984104622185,1.83930352707866,0.334431661494962
378,0.378454126443892,4.31594091966367,12.9816982894492,1.77301240767421,0.336704990096202
378,0.286815171537432,4.50731963162321,13.916851375431,1.68947430577213,0.304015159427961
378,0.292007777005459,4.74770314031686,13.8141839300748,1.88899136522315,0.330288276677718
378,0.31067421558813,4.80347026657668,12.8193614402639,2.25178233087964,0.401503982425413
378,0.346151087011004,4.44075264492063,13.9059666704787,1.64645802082506,0.299030612000277
378,0.389103153017867,4.40685497960468,12.4139509296361,2.0136388375561,0.383918021182968
378,0.306681983628007,4.46309206643505,12.4529604332718,2.05256488127037,0.387761922595902
378,0.311940626146741,4.70118995197584,13.891266523488,1.83360566843531,0.321897869420541
378,0.300680479505986,4.59150642300096,14.3726728248006,1.64785242017508,0.289490860177026
378,0.328518780121077,4.29091631899054,13.3556765503894,1.66479125764094,0.313668850846888
378,0.302490322023042,4.72267033004474,12.8463597009758,2.16304461617406,0.38968676285796
378,0.314803590036782,4.49015737839182,13.1484120034011,1.86601138581581,0.34414200946265
378,0.305879948210419,4.47858666322805,14.0849430285361,1.6342175767456,0.293756426054746
378,0.319439881536482,4.70027396344867,13.493437927007,1.9393591173592,0.344255621223023
378,0.356157077658061,4.73192018044476,13.4957101258855,1.96426162023937,0.347199253851935
378,0.351899655223657,3.94845065616575,12.9251077366713,1.5231454396667,0.305408352341738
378,0.357116643533099,4.30910488763923,12.677799197057,1.84914897776985,0.354732234124298
378,0.331469603490794,4.29910640022725,12.6917020228874,1.8371055130894,0.352768260084959
378,0.347791176897987,4.99109547324569,13.8352004317223,2.08028644062534,0.352247430294089
378,0.326157178052379,4.50257052069083,13.070195758921,1.89777568723568,0.350201072986423
378,0.374695935094561,4.07306421721583,13.1735924228701,1.55543007509457,0.303860531295889
378,0.324814960629268,4.3881588191693,13.5703915097863,1.68474186631263,0.311190628977584
378,0.289012393530782,4.8628834836504,13.8759028443674,1.96247510660793,0.337474930520242
378,0.370923762326169,4.44019789732119,13.3789982821811,1.76739377526818,0.325999505315126
378,0.293082051871307,4.87957410013372,14.7052095831906,1.76728106846596,0.296589573293034
378,0.358308852649913,4.17418256667545,13.1158766058529,1.63688429095582,0.315811233279593
378,0.296051579820944,4.46529059962088,13.1772960349962,1.8385230312178,0.339952924133523
378,0.354316168819206,3.95450520139107,12.8247240339161,1.54777435236691,0.311104563291724
378,0.308808769715926,4.60558397412746,13.6027130905384,1.83527313246869,0.32892258511444
378,0.408696396355939,4.13666653999439,12.8481834450428,1.67147377445673,0.326950439226503
378,0.411644999525178,4.12470311870047,12.8074942458348,1.67224572936777,0.328082703005496
378,0.351955625733102,4.66606698455181,13.0047705434752,2.05775388666559,0.371954260977221
378,0.290719416067361,4.75796101528437,14.3389055712299,1.76696348835116,0.304131677454554
378,0.319875632027066,3.99334171431695,12.912843708719,1.55589955243272,0.310064244901887
378,0.323270464271925,4.65281765563789,13.2511771467634,1.97011855850911,0.354337874804087
378,0.334411366488275,4.14774023810591,13.2286529665936,1.59405557792814,0.307599334881613
378,0.333016028723936,4.31317191937399,13.1457354784418,1.73002972852074,0.327041160566074
378,0.315310498592507,4.61742708287114,12.8288829960621,2.07026299115729,0.378623318260365
378,0.28725138005642,4.58090899755266,12.4130736750492,2.18011668443737,0.405470381950912
378,0.312400246666122,4.45692734311306,12.7656036743989,1.94778421075078,0.364960396610139
378,0.320853252592941,4.53658624169081,13.8840086150394,1.7169116456458,0.308066271513995
378,0.290837292774125,4.68415676260871,14.0885560360968,1.77319625136542,0.310262542657305
378,0.315849806386913,4.83365981757879,14.3580807612214,1.81553391972397,0.309348462164759
378,0.283046492054954,4.75011210148045,13.9933785945746,1.84427337247467,0.320798075257791
378,0.309377817379833,4.03825499136893,11.7638800350195,1.88484907767232,0.387278578844577
378,0.340568387396216,4.40086880767405,14.1089047837741,1.57911328651768,0.286602559188248
378,0.338801018546514,4.55767995247432,13.7901183075924,1.75354444792131,0.314605926470974
378,0.33947050653362,4.46141466695876,13.0704287059812,1.86399950495124,0.345939925787315
378,0.342530882558545,4.27572844108508,13.5796790183806,1.60567751621454,0.301110119133013
378,0.298852744554251,4.70465867030222,13.8353141837589,1.85052184355949,0.325207072030247
378,0.321575916216652,4.16707439193947,13.2198671505653,1.6090422378083,0.309746726995522
378,0.322916085744539,4.51986258439672,13.5353303264377,1.78806264801138,0.324777769339997
378,0.365476193922743,4.35452109186881,13.8949196575417,1.59238511102543,0.292649930963747
378,0.376828548534575,4.4018571768783,13.2978214436879,1.75907118462737,0.326949016246963
378,0.332356311874293,4.10097481745527,12.4340415917431,1.74687723843256,0.348031674796571
378,0.309890812299162,4.40754280873796,13.7422837819942,1.65990596950267,0.304247124169511
378,0.2727174954977,4.87476630767163,14.2808537735796,1.8641066650108,0.316642812196435
378,0.312486635809769,4.51948537959179,13.0552371394707,1.91597361650685,0.352887641089594
378,0.374828866742672,4.74060449500007,13.7116413753944,1.91081929298821,0.335367611983291
378,0.346232807787691,4.60233412085141,12.6853783322646,2.10488642772751,0.387307241027781
378,0.368090912073103,4.24823195730656,12.8702262572432,1.74943101361474,0.336554539427821
378,0.307939510644662,4.86133312651977,14.0067864411121,1.92486341768655,0.329936465802465
378,0.344302062600315,4.46147311390574,13.587185456592,1.73244969930427,0.316719253134956
378,0.334078741400777,4.52958864902242,13.1490819045895,1.89743216158094,0.348051530879093
378,0.325326149963092,4.64816108198619,13.1920803718288,1.98359960732371,0.357573438151245
378,0.363230376136951,4.33735864248962,12.9713969635591,1.79267337443579,0.339487457928904
378,0.354709756684199,4.66713244573375,13.3529302263876,1.95247730988696,0.349481469555729
378,0.330008545866795,4.40082831322117,13.5340629895832,1.7017307796729,0.31414092206579
378,0.33130433587816,4.39619583983798,12.9789837423156,1.83687313842944,0.344942061117308
378,0.291146206774977,4.52848350513483,13.3263642834839,1.84825761506368,0.337358748229891
378,0.337548318360051,4.52581949930846,13.6738609044434,1.75864479814758,0.317914974446503
378,0.311796273325833,4.25615796211938,12.7152614516348,1.79606544324041,0.346769908258914
378,0.356145197859339,4.50464905700666,13.7601873874567,1.72308895501627,0.31159336831812
378,0.3218299997639,4.57728050820976,14.2701120717333,1.6597383246575,0.292972642763239
378,0.344872114344491,4.21161576070713,13.1149691075069,1.66365962341528,0.319291599862836
378,0.347927731823741,4.78127017693639,13.104562531601,2.129030595851,0.377861340912901
378,0.326736265143713,4.82038985311954,13.1893460856461,2.13667758125646,0.376366037422421
378,0.324809810173478,4.42137178221366,12.9635007284989,1.86131109840982,0.348452831548831
378,0.350631789443217,4.5927401907776,13.1675934763783,1.94451739694852,0.35341421584165
378,0.328024768966575,4.71249994550533,12.1131988461249,2.44331644873667,0.449705326748622
378,0.346748780656501,4.52460545649136,13.9057832379361,1.70377791013753,0.305988896219885
378,0.315586444675388,4.71669790091071,13.2208387173296,2.03386872203326,0.362971690461625
378,0.330826517886408,4.21111063964604,11.9853974712196,1.97282577197109,0.392123546251054
378,0.286816785648079,4.58521588178469,14.0994661073064,1.70230017120963,0.301620367371583
378,0.326206208048157,4.60480327571619,13.1764978943949,1.95169781930829,0.354069540265382
378,0.365674064150033,4.47286373761927,12.7653262715168,1.96222406743079,0.366816147114769
378,0.303477434716335,4.59377863271929,13.6408782351066,1.81676126301425,0.325756082909243
378,0.370422115690664,4.16282362654066,13.1057411090613,1.63108773263875,0.315306024740218
378,0.334023769521267,4.50282540024305,13.1609690784549,1.87238496183118,0.344612346657046
378,0.328661682572947,4.75494135026897,13.6273274110651,1.9456783509424,0.341632172094441
378,0.327297482131291,4.44468504330873,12.8410068119804,1.91519818993109,0.358677510231424
378,0.335531119509618,4.30840574195134,12.9129770573564,1.78493455449966,0.34003092613443
378,0.336255113044318,4.66775158389293,13.7962030608067,1.83258667094827,0.323985809065729
378,0.316352554165917,4.34647669693545,11.9276069243913,2.12378364089202,0.414434820263559
378,0.341563743333265,4.35904425222351,13.1982453281409,1.75154053063917,0.328467946442959
378,0.319626042498724,4.60489557433696,12.8301022650215,2.05894719445208,0.377169548044953
378,0.389848281715614,4.24890720854713,12.9508281503134,1.72992071882406,0.331954089448793
378,0.364351493510789,4.28354062440033,12.8267286308384,1.78797061000127,0.342712331542504
378,0.326641092438549,4.61101179897703,13.8530277423558,1.77695662979437,0.31599899538119
378,0.315360168347748,4.50650189547646,13.2562055546385,1.84977502193898,0.339331002707287
378,0.313960719463773,4.79060713798771,12.3300571355804,2.43594154976131,0.440861122982271
378,0.341083336686557,4.04347042977094,12.6534964669056,1.64874078365821,0.32893035792042
378,0.346135517770048,4.5491840312018,13.4698305656912,1.82688677162783,0.331136234097348
378,0.332884631867535,4.38740933853989,13.7592318382168,1.64257031340378,0.301740563091924
378,0.339214937374661,4.53503546785657,12.9590923306314,1.95725646251982,0.360707782418476
378,0.313790520452365,4.51288569034415,13.5133340206562,1.78831241605767,0.325344882064592
378,0.279512181757038,5.17474897856036,14.7741847038065,1.9603526639147,0.316724721866649
378,0.30992811089595,4.44825575202507,13.7234281758964,1.6917372860115,0.308577865819475
378,0.358010157330629,4.44374503712979,14.3694691691998,1.55597645840658,0.278645010592624
378,0.34267707283109,4.50752845241518,13.184090062393,1.87009106058836,0.343719101159004
378,0.37586938313821,3.90464294559202,12.8288237661876,1.51379532260588,0.30644074696994
378,0.351507468425168,4.31339407115255,12.6074597071109,1.87246704948817,0.359761364075695
378,0.320510202015464,4.28298861073394,13.2381620334364,1.68618532079092,0.319181355433331
378,0.331642745946024,4.62426254760624,12.9893323475193,2.02508863903183,0.368324166320761
378,0.360262268185538,4.5687964667793,12.7538168975643,2.05076425572322,0.378377409962294
378,0.319407259919942,4.36477984627936,13.5499130197809,1.67292393763058,0.310200891883472
378,0.332084777949036,4.2171078940501,11.8801969332641,2.01312012129803,0.401095281939695
378,0.351015972383765,4.23553075014625,12.9676651741934,1.71587046200699,0.329691445496469
378,0.342803221804686,4.35651182906793,12.7203467005301,1.87616134196021,0.357038673505557
378,0.337475683162771,4.26126926140706,13.6279009633315,1.58638668578494,0.297628982332332
378,0.413360440684329,4.35241026150509,13.1165952736148,1.76698946530953,0.332479657848581
378,0.333479708275727,4.74892090740919,13.5697698137337,1.95697778935174,0.344428598889831
378,0.334015976747414,4.52804897678311,13.158889087825,1.89330146423572,0.347273548488561
378,0.331341615631743,4.68587419055034,12.7261720270892,2.17046096822618,0.394293377712993
378,0.313933613506266,4.34790141791758,12.4637429178162,1.94457070891173,0.373380327154905
378,0.34468685834416,4.59080792543877,12.8061471244566,2.05394237192798,0.377244528346625
378,0.341027561319061,3.78186415897569,11.4228169314833,1.75952619138902,0.380689221590477
378,0.372280464562852,4.4487182267259,13.2694646792887,1.80173270149117,0.333010046683087
378,0.303174549591921,4.56698490500879,13.0930393325785,1.9443180986743,0.355391932764514
378,0.270631428647272,4.57480551554976,13.5917956572078,1.81475777751888,0.326697400314356
378,0.294810506381903,4.55249720912982,13.3478933743502,1.86113865415368,0.338394817894672
378,0.382840590422423,4.47382504891721,12.5093110744017,2.0441318945933,0.384942044779472
378,0.32663262263024,4.50474097322838,12.7755815771061,1.98654872495205,0.369609490319601
378,0.369188160014595,4.25841088921031,13.9929743685412,1.51346817100195,0.280903145227299
378,0.332920775791872,4.24727109317543,13.0413217525613,1.7066008934465,0.326635078063985
378,0.37015136838576,4.4930335225332,13.9208734775421,1.6789660241501,0.30266102017834
378,0.315943318338001,4.51964946008111,13.8622584444052,1.70987218628805,0.307692372346167
378,0.303641656811659,4.49024306425978,13.9857299150705,1.66273340340718,0.29930144789082
378,0.306742599898623,4.49291676633594,13.6416061803456,1.74222429574074,0.316645400168814
378,0.335838011816132,4.45167801446598,12.7662789811939,1.94305494725357,0.36433446736502
378,0.37381248390873,4.12558444693287,12.9907818881899,1.6305264778913,0.318023673392293
378,0.310866424521185,4.45003090569062,14.5764428395346,1.52161127236582,0.270629076110954
378,0.328272437934131,4.71606750992329,13.6881018391186,1.89840665608721,0.33447017912671
378,0.34207746426084,4.33489042733267,12.1648205162136,2.02930577843118,0.393866843007938
378,0.329020077441822,4.50760891351771,13.4217981298445,1.80749862425848,0.329930824558599
378,0.399134697580813,3.89899163430206,13.2928482563504,1.42237743649071,0.283755803208164
378,0.326230870714237,4.16943223952,12.4043086953579,1.81016813731514,0.357345388489142
378,0.355493635293321,4.43156182391864,12.3381344884379,2.06181521277179,0.392587912433904
378,0.273853617296964,4.56214283783861,12.7547002104991,2.04441015687225,0.377571667160492
378,0.314323660791945,4.65375403544137,14.3221383530521,1.69958158363373,0.2966007419672
378,0.327394870369965,4.36941916378492,12.8200561631108,1.85869307527085,0.35201131389779
378,0.353059853808416,4.23841654116522,12.9551410293039,1.72112601655286,0.330698433546376
378,0.314679248908685,4.38902529769482,13.5280906523601,1.69527571999943,0.313480687499698
378,0.303716673926608,4.74351930301994,13.4788254459445,1.97899321434641,0.349429220274059
378,0.3117482873397,4.46858157800512,13.0571463201283,1.87337870367317,0.347474234634715
378,0.289258561447498,4.98886210894834,13.4784742077453,2.19369697834235,0.37502974237315
378,0.325281559771119,4.53677330755777,13.4897129812959,1.81228612292423,0.328858331135286
378,0.344077217426608,4.39241208968075,13.4303002937986,1.71983594696041,0.318832520785467
378,0.403361863254311,4.21758616120129,12.434145141668,1.8420528303972,0.360740353051498
378,0.347231948774581,4.5195366084346,12.8701650206666,1.97065973661765,0.364894323664503
378,0.352485221951628,4.35526101533728,13.3684522583337,1.70766571673749,0.318779972278674
378,0.320380659984346,4.46396370144212,13.1158661796534,1.85363713088712,0.343443051531418
378,0.391150786069427,4.2280895101377,12.898812047601,1.72728859947368,0.332939580127922
378,0.343052134188605,4.12687895639091,13.2577242666797,1.57349154302481,0.304270381316146
378,0.32150965502952,4.65982892507366,13.8142491786964,1.82217583837663,0.322318271340362
378,0.354027563323519,4.27622896879964,12.5895950075833,1.84670093029461,0.35690345041281
378,0.281834924530843,4.80755496991044,13.7507730298413,1.95314948355759,0.339443793847878
378,0.300604887052982,4.37860809513216,13.5062755139186,1.69257604662097,0.313659043233706
378,0.318727669884052,4.6427171605821,14.5881050311264,1.63666176841349,0.283906868390781
378,0.311986604099134,4.78987073955881,14.2521964234461,1.80948877163691,0.31093566012887
378,0.319434696395618,4.51386973965377,13.6502950821637,1.75552880133334,0.318065913538248
378,0.308758444052174,4.36869164111824,13.1955012897006,1.75951413680343,0.329543184824698
378,0.31988787128733,4.43318670242871,13.3734283726852,1.76354371960354,0.325661432832118
378,0.325907711849302,4.47797734682382,13.2585581639492,1.82682768928716,0.336416593765583
378,0.327321009903419,4.57928083260749,13.7143364560531,1.78756329765214,0.320476722732858
378,0.315722764880994,4.19207175063165,12.4988401499981,1.80282732632898,0.353677566598302
378,0.315081552048469,4.67439267846884,13.7834683479104,1.8413413860814,0.325340719867757
378,0.357831149728692,4.08455690015061,13.1426268928439,1.56932782153154,0.306404667956958
378,0.28964820582147,4.44603758645738,13.7215303815447,1.69073012426048,0.308507529979359
378,0.300154763657572,4.50874648823067,13.2309078348793,1.85801875482714,0.341009882582957
378,0.325710764513716,4.72153249406994,13.9198819283969,1.84167672989725,0.3221844825311
378,0.297470032876082,4.50412252542595,12.964930732337,1.92913969972249,0.356997459458549
378,0.317746270017993,4.54272507611877,12.62134250471,2.07054868450489,0.384896419956627
378,0.338501046119129,4.27207718747559,12.668576609998,1.82153840525594,0.351378052099523
378,0.295360703132452,4.736041057106,14.0968828463474,1.80823801933817,0.314217877890569
378,0.345949569946752,4.1816174630394,12.558263744678,1.77802373377277,0.348714253042943
378,0.366748734253964,4.1984648743611,12.9573881523445,1.69113361758267,0.326751959570734
378,0.334045817021517,3.8503187105872,11.5743951102865,1.77512607433284,0.377939071404946
378,0.319379687275621,4.64601790972942,13.4194644811009,1.91688357616704,0.343429456566024
378,0.33532950692503,4.64132041872387,13.8136978556677,1.8084770060859,0.320688085760119
378,0.30556922065685,4.32130518951496,13.2128758231847,1.71985619270026,0.324084000324082
378,0.307953371023673,4.71199250752582,12.3922908040157,2.32339024868532,0.424436534472599
378,0.30307354702373,4.90286749904037,13.76480335731,2.02728017548889,0.347856040155412
378,0.302639356333102,4.74293581376443,13.0069281887797,2.12651544754583,0.380385093619055
378,0.30560752808357,4.39000806779728,12.9046678034411,1.85217165868929,0.348871325002368
378,0.333152728560094,4.83984096238799,13.9352713138773,1.92789298126323,0.331990383745206
378,0.324109131258107,4.60070269310345,13.6730265576587,1.81392380034602,0.32465068288136
378,0.308123975696048,4.2688314842185,13.228428475785,1.67823095944301,0.318417417955812
378,0.346478288328438,4.43551890486198,13.7091440469915,1.68620237131047,0.308231202905235
378,0.34262039665964,4.04294821205274,12.202415587398,1.76184147757686,0.35667170243996
378,0.325192805858522,4.20335080082168,13.422056398593,1.59066012571969,0.302743820223539
378,0.298390746378963,4.59025007812486,13.2677364500179,1.91372198906829,0.34696843736401
378,0.368307520209446,4.27077852163828,13.2838127012239,1.66689981309112,0.315636686298289
378,0.357116918611782,4.46422751281766,13.2583391203672,1.81640479273001,0.335109305833263
378,0.291969035934387,4.50600878639388,13.6557273423772,1.74836640452247,0.317063811911239
378,0.322319208734128,4.273073821385,12.7897358037241,1.78946767982387,0.34389833675929
378,0.34710082313939,4.53278701710005,13.8163580999851,1.72957741392997,0.311107927988355
378,0.37322113522323,4.53172956360782,12.9199601591653,1.96605430268078,0.362901911150014
378,0.343791738405064,4.02664750624778,12.0066629102807,1.80259437983041,0.368141920262036
378,0.388017012626791,4.49666610878276,13.3578315901077,1.81568264626786,0.332531189250627
378,0.32845496392966,4.45523221880605,14.0914563523361,1.61757682873413,0.291613566736289
378,0.340853872885809,4.35094807033555,12.3518819702447,1.98252144805797,0.381760412246282
378,0.341775527162532,4.53645148876093,13.5558157704919,1.7948739039816,0.325115628558599
378,0.275240677168706,4.88903498262296,13.9881009842581,1.95219611030379,0.33357290469821
378,0.326440241983703,4.76141647190483,13.5211735014092,1.9815232166431,0.348625186229608
378,0.358046896504988,4.61532532242588,13.121319648062,1.97668419069877,0.35864750526625
378,0.292698211666272,4.48664473066986,13.334163425484,1.81393929270198,0.332902193736677
378,0.348200934265882,4.4433710205879,12.9897392563459,1.87193356187849,0.349099390438976
378,0.288787778916809,4.83806641353071,13.7295256942531,1.98399782108516,0.343634418054907
378,0.390337455656748,3.97250608604297,11.9526282920229,1.77194249866576,0.365542252783182
378,0.34726956691257,4.17399116073394,12.4990492118075,1.78826044772729,0.351744090632207
378,0.324020353144424,4.90963264569323,14.1560466048611,1.92260702585405,0.326215258815757
378,0.308563457428777,4.24721797598401,12.5494149145249,1.83408915973619,0.356378712504732
378,0.313819428329918,4.80254285952054,13.334760397413,2.07342102429769,0.36464435829438
378,0.326454525821019,4.56315842661545,12.73771564053,2.05067143102799,0.378846432910802
378,0.310711174625741,4.17314464963989,13.3067988015331,1.59441085364679,0.305848729733132
378,0.336679712203095,4.48906423982359,14.1453975485908,1.62866030251493,0.29183667481018
378,0.369077062000361,4.18874210255215,13.2373585931273,1.61990065092889,0.310722848307589
378,0.365114719896133,3.9812088991791,13.094749663049,1.51086907181643,0.299828101435907
378,0.307530078581649,4.94648469412985,14.8660414612502,1.77565154435545,0.294320243571833
378,0.321699445116198,4.74091481345314,13.27814976363,2.03728120189483,0.361812915228374
378,0.399950809744632,4.14387258784799,12.8061920023153,1.6865536495505,0.330008799896239
378,0.318656425270262,4.6134022209036,13.3391172631644,1.91214749596018,0.34490277039919
378,0.360874560063762,4.49984398028991,13.6496376594829,1.74565251641851,0.316878523672319
378,0.377990687543109,4.08806044433826,13.3442572571093,1.53066153313128,0.296781007263056
378,0.31835835529407,4.94413717044089,13.8932111051812,2.02366294379947,0.344205791111307
378,0.2817470182155,4.85713690570936,14.0112890720089,1.9210598711242,0.329412717396427
378,0.284246418221644,4.57852503805933,12.8289696409492,2.03529831345713,0.374222207767751
378,0.363269578966321,4.13528186528824,12.3027328083899,1.81018246085159,0.360308691510937
378,0.370061561392306,4.08024073730441,13.1045788632351,1.57437902438806,0.307944601127493
378,0.326496472594245,4.40798898586961,13.4721779043056,1.72128283681158,0.318019041470765
378,0.302874933860953,4.70052753766813,14.2173436406753,1.7547953846427,0.305295190177977
378,0.369217187293428,4.41314116916307,12.9116554233269,1.86924820106832,0.350869086216302
378,0.31132896682181,4.70133555704729,13.8397786405703,1.84685310703132,0.324672008569431
378,0.291141090108458,4.51935826586843,12.3452798491044,2.14415164721709,0.403056018563036
378,0.303260215546993,4.31731162968842,12.2572655643237,1.98253827869819,0.384715703123737
378,0.320710679085777,4.46616145395654,12.2672571857775,2.11975733220691,0.402445075053383
378,0.354890325812905,4.41692848224752,12.6460332699638,1.94957599704797,0.368646007450425
378,0.326672663343565,4.142541640621,13.7025575016367,1.49620880770199,0.284667858273494
378,0.302263488446515,4.50142911375236,13.1776335638652,1.86686855521717,0.343495154712825
378,0.317723654555476,4.40494737190248,13.6522986838658,1.67805322294226,0.30850291299383
378,0.315498045270825,4.53971364982291,12.9763369445841,1.95590725618576,0.360060197784908
378,0.322926391963426,4.28094094394314,12.6226461156707,1.84119064534844,0.355238753319007
378,0.34248134759525,3.92664632595131,12.913429283269,1.51133730795862,0.304101631627174
378,0.328642819096064,4.31981306873357,12.7867899479187,1.82788959531634,0.348958778411517
378,0.32223267702305,3.92305411611656,11.9560627891008,1.73042949623786,0.359642136151078
378,0.334655059152616,4.54992256094328,13.4763137433933,1.82575045511979,0.330834776807463
378,0.292253436391406,4.78377265350241,13.3557169368671,2.05031918646075,0.361280723826506
378,0.379901575835454,4.23592546812134,12.5226834865726,1.8318411107392,0.356835186772956
378,0.329792297690214,4.36575153374936,13.6901684808556,1.64287559596779,0.303293159762691
378,0.342703709719314,4.10568372540065,12.615473295721,1.70435356654139,0.337363633259024
378,0.315885311360154,4.44333586658528,13.8225032670604,1.66675139632803,0.303329101707236
378,0.33746472263681,4.41118305278438,13.4711977252969,1.72386965038481,0.318365897306794
378,0.293281570891736,4.28512268135985,12.9608352556559,1.75467466502402,0.33488023885077
378,0.336681169569852,4.40982448135353,13.6465495787444,1.68260617147086,0.309190872554789
378,0.308023868386148,4.39676837578343,13.6217756584933,1.67889482867904,0.30929146757145
378,0.304884340262694,4.43149204502504,12.9284353933769,1.87915817362425,0.351673800010885
378,0.303270510359095,4.59098505738896,14.3694680764524,1.64847544440834,0.289624932701903
378,0.299660903108069,4.49505943084059,12.984036535961,1.91610665481887,0.354838868555099
378,0.341145301580251,4.52681384690051,13.9427495806049,1.69714120173081,0.304379727597877
378,0.314177340283278,4.82326453626391,12.9970105337201,2.2061841009791,0.390451612017922
378,0.351199539810273,4.16128543768292,12.8717747480723,1.68429731798778,0.328035202937593
378,0.362237555363792,4.36061957545953,12.8836514832073,1.83409191645789,0.347125145564954
378,0.374177671830193,4.24446090737255,11.9247039109438,2.02446155457713,0.401137920276526
378,0.328425496494904,4.45024943552303,13.8149317762787,1.67319453437965,0.304279394937742
378,0.320919519604932,4.96695767688904,13.6135444365989,2.12898333728309,0.363721772441841
378,0.388961802313504,4.50824174472962,13.5150232843246,1.78474923779708,0.324865381592669
378,0.316577881588867,5.12939424540707,14.7858219765477,1.92341101709625,0.312400518353039
378,0.327811059946516,4.75109528872089,13.8672038007808,1.87774173236463,0.327705433200258
378,0.380520686937218,4.42468931435048,14.2197025135842,1.57238306779672,0.283549465864978
378,0.334530968855137,4.08100991998919,12.4090632015901,1.7377812421761,0.3474965771391
378,0.290664592794665,4.22099241697326,12.5538534174508,1.8113823268184,0.353247859861282
378,0.356571251919424,4.41216840392225,13.3827205588495,1.74580614506658,0.32321131011252
378,0.296541416946775,4.61861179638647,14.1301537374442,1.71820570466848,0.302846343910542
378,0.336481171324993,4.22566363792593,13.0421482896462,1.69050517144497,0.324543571757203
378,0.284908400997908,4.68991157799968,13.5307060757113,1.92065761633826,0.341042367362043
378,0.31938341785535,4.5253883250365,13.4964408660603,1.80159114051874,0.327382287079461
378,0.311378059510722,4.22115313047392,12.9169719749021,1.71749924378049,0.331212794555704
378,0.342500877405475,4.10366706253197,12.8786452721992,1.6401699197873,0.322055371767088
378,0.361975476948776,4.24123882746991,13.1894189115027,1.66758221302154,0.317991423374172
378,0.3233161241445,4.41321873169151,13.4645788523873,1.72676680117542,0.318890783071488
378,0.323617949306026,4.9790917549388,13.855804457122,2.06382173480492,0.349808628527096
378,0.327551294731108,4.69109459377107,12.8712607062432,2.12487548641139,0.384198614926744
378,0.351690762304079,4.22001481277575,13.2064685344527,1.64846713122317,0.315127384831175
378,0.341345774692893,4.077323699302,12.266249315603,1.77270233991245,0.356294440082331
378,0.341147234343408,4.49818735246264,13.4318341522658,1.7977247297899,0.328471811265924
378,0.31841584590556,4.12462574024885,13.1202777328232,1.60119328443071,0.311073882410516
378,0.310112317217299,4.3701766704197,13.3976394659162,1.71139962500055,0.318551607251212
378,0.327581583593615,4.23805045999839,12.7395005430299,1.7752501069955,0.343401596689296
378,0.370683970508693,4.77003581072271,13.8147233695535,1.90581012360429,0.332273697594019
378,0.337940215080655,4.65321839016901,13.9270150308312,1.78987849058929,0.315858323649402
378,0.287070844554386,4.7470512681707,13.7343287968565,1.90965081131685,0.334681060036638
378,0.388050075522572,4.48045308204238,14.2547971387351,1.60106038513745,0.286299959291127
378,0.343236524393062,4.08731391320918,12.2379286775562,1.7885795910695,0.359288914972355
378,0.299890064777715,4.51886671366744,14.1436879634789,1.64809193139047,0.294207539012193
378,0.36858280377277,4.27397555501771,14.2673092470298,1.47304709738247,0.270585794671992
378,0.381203872930046,4.435944172114,12.8972642532878,1.89161611230824,0.354107621999637
378,0.331284600568492,4.5223964553296,13.8283310599429,1.71981639793137,0.309652719488318
378,0.290936624012725,4.82803711204852,13.8200142070435,1.95058518028403,0.337443406733263
378,0.340530975113238,3.91890940082398,12.5538252378114,1.58149950009401,0.322421432220206
378,0.366887520741971,4.11206893299258,12.7358851083411,1.67984802927456,0.330945209752682
378,0.382336756728279,4.3304666833635,13.6359211539274,1.63065559260713,0.302985352716364
378,0.270198487500587,4.72104843950527,14.3614322221173,1.73654460932088,0.300115348326353
378,0.35160696269791,4.44609505202706,12.6918253701065,1.96106515272463,0.368772840632658
378,0.317970365323101,4.46301809563957,13.8327450839614,1.67756682595472,0.304418259137045
378,0.348428893620492,4.43928911011829,13.2054966041288,1.81091276504043,0.33576889017711
378,0.31424932373082,4.92234405897722,13.8487729316038,2.01853657563814,0.344708689990133
378,0.373097464337613,4.38563109983708,13.6919041255612,1.65562956380088,0.304838051369817
378,0.300065931909324,4.66579064374695,12.8113201387491,2.12111972764841,0.385515337610224
378,0.32942543736713,4.62921006364068,13.3635764615998,1.91820527284078,0.345008472433722
378,0.309327760095151,4.58311281587713,13.8346127716952,1.76161376998368,0.314573305167149
378,0.365365429875256,4.46391031068403,12.9570129052228,1.89824710708968,0.353332990482281
378,0.333092363018308,4.23979481743854,12.4400455253722,1.85881135165497,0.362792481097401
378,0.338934170029654,4.29619917481847,13.2076808005242,1.70285697090463,0.32204829850807
378,0.319932069159776,4.69026891828977,13.317437863758,1.98200584362467,0.354023237443943
378,0.392079629914646,4.5923939217418,13.8122412797597,1.77334957640853,0.316498310358781
378,0.363303174292126,4.28610293317256,13.4629097737128,1.63823250862788,0.307840260031439
378,0.308753010704875,4.8562601495835,13.7777319995565,1.98485558184313,0.342524738961974
378,0.360055017157581,4.19111357470886,12.6439132656651,1.76345276468918,0.344432990391995
378,0.328538000076248,4.48874116814121,14.0034404399536,1.65823272782027,0.298386324945742
378,0.301586561154388,4.86837645221266,13.5894958911728,2.05115660177496,0.355170313263655
378,0.348839894280176,4.38338229968533,13.2498896452857,1.7568911696526,0.327852204214095
378,0.331689612775916,4.15612649172978,12.8531180405166,1.68439147035182,0.328508307059788
378,0.315663513901803,4.81686381737478,14.7298210769976,1.71948237738699,0.290663290884841
378,0.388834174795478,4.14083688285012,13.8824054080112,1.46245602124991,0.276753993671614
378,0.361364798300143,3.99678466946011,13.044065284886,1.53101741466162,0.303659051316087
378,0.366758226369267,4.47688869425327,13.280874817064,1.82029750716116,0.335032719349119
378,0.335393483815329,4.73007791922799,14.0821300284556,1.8077780742171,0.314486947961557
378,0.316199645972541,4.46772380560526,14.2089003597175,1.60229141303284,0.287378581653188
378,0.377102129937148,4.47726203792054,13.7843407222543,1.69821383429934,0.308012722200078
378,0.339211742936667,4.34599647968899,12.4874389188611,1.93581373968108,0.371525624052987
378,0.328318896233537,4.50391852422563,13.3028729717726,1.83533003529479,0.336349018024409
378,0.352407688196441,4.22940607693582,12.4956455217556,1.83433886892506,0.357939952033211
378,0.326208086814867,4.30361970456454,13.1162134040717,1.73037279068556,0.327820323878203
378,0.371488433598363,4.21556001515717,12.788325018414,1.74525456975465,0.338164353880677
378,0.286396988071949,4.41683198563785,13.3557279855878,1.75549911291834,0.325081344850012
378,0.342211221951681,4.31152963012827,13.3078806453439,1.69051256127602,0.318061031853847
378,0.37438494647281,4.44407849353002,14.0156908824808,1.62619329584103,0.294241209090751
378,0.369037047683741,4.0916087942658,12.5470133530436,1.71071742503632,0.340066459185783
378,0.302553628889781,4.84980524714092,14.0065099850627,1.91643535859218,0.328966353892003
378,0.293475537420074,4.41884593890651,12.6557060137086,1.94851978300715,0.368231138806218
378,0.287192812932128,4.81503100867253,13.2604144216692,2.10848703253671,0.370935395472615
378,0.3855056430432,4.19153341375402,12.2560232085907,1.8712460528101,0.369905368820226
378,0.348535970426672,3.98193179019024,12.2147123898698,1.70967280645887,0.349165998828072
378,0.286947377092661,4.97952756417317,14.2677970621271,1.94651310768862,0.326389561889708
378,0.274040428786595,4.88250779084576,14.0532773106412,1.92941689760002,0.32939339179554
378,0.347653287667626,4.5044298660741,13.1879603297891,1.8661615822776,0.343133717557271
378,0.353016042976574,4.50360623222752,12.936016206458,1.93721024167804,0.358828873154579
378,0.316643034429922,4.40416460913204,12.9377354087442,1.85412282241576,0.348228529044364
378,0.313950226816656,4.58133162929145,13.6058751783922,1.81621512662503,0.326533299050756
378,0.318548385439272,4.28841596625555,13.7094890263246,1.58718083238306,0.295964730645418
378,0.354056742597965,4.40968905476356,12.5027949541209,1.98754566021122,0.377806691926889
378,0.33970806684561,4.51171124398865,14.1016232827469,1.65207886420814,0.295567414360796
378,0.320888449686218,4.66068075364455,14.1401433765888,1.74489479772961,0.305791154133491
378,0.363570802288244,4.26508866358045,13.6443688624269,1.58526789820398,0.297138273604476
378,0.364793317605056,4.19390946595062,12.3983317479932,1.83211721559074,0.360460532841258
378,0.318391784925839,4.62431226039965,13.8813622145544,1.77969884731438,0.315673840589679
378,0.352040155944666,4.31640276431687,13.5332778606253,1.64331121088814,0.30686935933975
378,0.330071303752635,4.24538697625795,12.9239173389003,1.73389993057485,0.333157763674938
378,0.347185895530333,4.66789744158543,13.6471672759605,1.87173545285183,0.33225768211035
378,0.342660763822705,4.23423458406859,13.2562822568519,1.64739087707276,0.313804955093605
378,0.330713575655492,4.51065001803402,13.7349314507123,1.73336071178821,0.313413303917102
378,0.337675832569353,4.16231945699315,12.2974050754756,1.83415478019866,0.363686020859876
378,0.317330352222012,4.35345433996105,12.700575681744,1.87959056585993,0.358044105149233
378,0.328001322354934,4.38601348281305,14.9498512244834,1.42277647913225,0.252354587586413
378,0.366762142568811,4.30645087000503,13.0603161076873,1.74606136697366,0.331234005633808
378,0.37509674244424,4.14248153676023,13.4475762487422,1.54500696627294,0.296343449164956
378,0.353101333435886,4.30401091858431,12.6872051947967,1.8424992771595,0.353599511924698
378,0.322841495938987,4.85248377349955,14.0615358916151,1.90367750097781,0.326190999517517
378,0.318991959057521,3.9234561228788,12.281394774438,1.64834220587662,0.338851680607053
378,0.386994175041307,4.20280599877987,13.3464603908841,1.60636050234507,0.30646317064516
378,0.37127814265823,4.1945946891786,12.2635413839064,1.87141802871011,0.369701198264795
378,0.333819941976414,4.20550374995567,12.1628079327315,1.911341492713,0.378157547670245
378,0.396892763592839,4.2322784547797,12.7569575007675,1.76602626781198,0.341720524679367
378,0.486226224163518,4.36599538570456,12.9917913322417,1.809722481033,0.341140214994689
378,0.353280995592767,4.68408392523739,12.6396210894781,2.19977640765286,0.400686454645033
378,0.352986817314612,4.47346763568479,14.1071028464299,1.62623840669521,0.292333575756688
378,0.375311465563761,4.24765524170106,13.4695805803863,1.61001573508084,0.30412280298526
378,0.33246964044182,4.42592458721568,13.2596831469398,1.78657631082122,0.331342169710597
378,0.295534219562695,4.97317719227495,13.4993246024386,2.17263075707812,0.371966068814376
378,0.337702541086941,4.41175034339785,13.2596763051554,1.77561427246904,0.329968191832008
378,0.351766990258527,4.03519117597233,12.8412020054833,1.60040525240092,0.317737452787598
378,0.328480446442632,4.88618099652695,14.0514678226445,1.93288531634253,0.329829929408164
378,0.353423473416442,4.29943034428935,12.9639461082708,1.76508786618473,0.33614240608984
378,0.348126949142995,4.82591584172537,13.4014496719501,2.07270828651074,0.362749533697171
378,0.343862062978485,4.45032335365326,13.3132540956065,1.79156502383226,0.330622248995331
378,0.330605544386356,4.68974151767226,14.0113986424365,1.79513407220836,0.314582050928924
378,0.406619671229862,4.23617018258493,13.744065458778,1.5468143054875,0.290183792833157
378,0.339843965398008,4.67597754005658,13.9939091888634,1.79014431195716,0.314376197337954
378,0.288423044783197,4.94341992834221,13.9080327437347,2.0185620118737,0.343242585644395
378,0.32111732204046,4.26566040494,13.0031971727356,1.72947323239004,0.330556673843165
378,0.333908105807538,4.49331739179474,13.249611916586,1.84121073174284,0.338427529770069
378,0.33489108539156,4.46985664087218,12.65775821688,1.99267711912461,0.373846217531186
378,0.301611040848579,4.7472953347201,13.1194674868588,2.09340492172741,0.373073740950581
378,0.357306715261074,4.72076824826813,15.3827580991678,1.53539680582771,0.257994392969674
378,0.286467420568506,4.34030387371284,12.6025493216452,1.89646098684319,0.36301636993903
378,0.320190945464479,4.56943622164344,12.7195470670135,2.06243217343936,0.380888024614247
378,0.301247390271744,4.92914895119128,13.2467791006429,2.21794772491651,0.384481189357083
378,0.331639233725419,4.31537210245843,12.7768597693649,1.82681699340079,0.349091835379309
378,0.351831644709559,4.63618993628742,13.9335544387001,1.77580263115947,0.314036812410815
378,0.312552158637595,4.8652577208219,13.9505966958789,1.94388445972494,0.33350060189022
378,0.319245061182127,4.42916966185363,13.5639293294042,1.71507067748947,0.315102714877436
378,0.356956104721875,4.35124332160199,12.7163875917512,1.87310544120317,0.356762761561306
378,0.362043313296724,4.24890766695827,13.9050515604385,1.52384677446993,0.283968933212588
378,0.295614420413471,4.90813412460906,14.440678154254,1.848745153503,0.311370000847087
378,0.308989114941319,4.85644695783499,13.6486510354539,2.02299690046254,0.350305657779123
378,0.359499180921974,4.51626553904627,13.2885784721272,1.84857849843275,0.338353747264197
378,0.314606454611967,4.66291922854826,13.5546416808533,1.89233802274135,0.337024876440983
378,0.331780055969111,4.42997738882267,14.0020174746863,1.61939709142499,0.293700273266989
378,0.32594140880085,4.44104643556537,12.8506114447705,1.90909325981528,0.357616865380252
378,0.34671907167929,4.29907969540178,13.0903213408145,1.73295973630822,0.328805316781307
378,0.292512857589619,4.76841322026867,13.9959475778844,1.85765521080212,0.322315465622565
378,0.325509994418276,4.74822770725545,13.0466102130957,2.11815179161532,0.378206729376045
378,0.332878941655702,4.3155597331464,13.5833563042426,1.63166994518369,0.304291637228797
378,0.310066387818049,4.97331951030659,14.1045018812478,1.98689320823702,0.334832142028331
378,0.358897362500145,4.00806085743342,12.6371082101756,1.62678004209252,0.32640628262656
378,0.336479892719007,4.43067312741795,13.8342692226532,1.65555676208223,0.301686358703043
378,0.290186879731394,4.86871885159281,12.3678256663833,2.50859327378295,0.448636860189669
378,0.311034410811545,4.50317110469378,13.7408957669603,1.72618436970205,0.312400952486738
378,0.350301136050738,4.39052714768876,12.5677934835069,1.95113894447301,0.371158067929855
378,0.335769143553042,4.52541692400238,14.0427737471165,1.67422266992952,0.299468349575377
378,0.323378739540032,4.29412058056509,14.2769159217218,1.48306726420522,0.27161922226009
378,0.287586851933455,4.56702631028355,13.5341906751253,1.82349234857217,0.32914296335666
378,0.325352330224421,4.42749332094311,13.3699149861409,1.76004584929227,0.325311838732407
378,0.344353794896942,4.87438706544338,13.7099999802802,2.01978762970074,0.348358189257624
378,0.322065462116438,4.59824199336835,13.2985617800264,1.91116062866733,0.345825494798533
378,0.322557733901956,4.28605477032593,12.8027429604023,1.79667949142516,0.344476760237949
378,0.343149633260489,4.65540784680408,15.0619457390097,1.55415572268438,0.265629759745018
378,0.339014456969182,4.39187570477286,12.5216218671538,1.96597861902873,0.374441890726574
378,0.349566043722857,4.48506316125588,13.4855525043216,1.774186395773,0.324268994907199
378,0.329640223901018,4.09022582770045,12.0690858426531,1.83876684740497,0.371194573639697
378,0.317824875941031,4.38823883646702,12.739228711086,1.89757710594437,0.359279908301605
378,0.362269043368645,4.34664474864543,13.384418171467,1.69799254982736,0.317190758468102
378,0.326240534542503,4.38636851784318,12.6738704701873,1.91509381059713,0.363387693580028
378,0.409398806919245,4.33458205125248,13.4081856637976,1.68412568929493,0.314888899936011
378,0.309478560549807,4.23194119243484,13.1548850917004,1.66903032675417,0.319007255458406
378,0.317095335163233,4.60003598809009,13.1777510450179,1.94746915118454,0.353505202345791
378,0.31297472457145,4.77927176139966,14.4290408375368,1.76090249886653,0.301523203778279
378,0.363439170913506,4.58109743490173,13.826460910959,1.76205617213131,0.314812314890256
378,0.348793443426271,4.30415750406212,13.4350574954399,1.65672059674563,0.310807164434565
378,0.337574400785264,4.32661533261643,14.2669982981244,1.50418202924414,0.274374093748177
378,0.382375612307836,4.45609895142172,12.8334635549928,1.92704180211565,0.360393573773162
378,0.321932174415743,4.55363889548034,13.5803459828326,1.80176370187845,0.325374427352908
378,0.306719262930342,4.76375180715877,13.9297264597704,1.87114764215751,0.325453219561008
378,0.312022308894057,4.75224300932422,14.1266008881572,1.81309093002732,0.314122089461889
378,0.363756723628735,4.43695224859294,12.7166425839565,1.94560121583852,0.366081455836081
378,0.317349384758195,4.54827387122996,13.4848666612352,1.82180782891928,0.330138021253648
378,0.301729603570549,4.49717362444258,12.6331647166603,2.02496657306378,0.378705482200624
378,0.325318987826632,4.30734218598436,12.1602039418402,2.00460156659197,0.390729189815088
378,0.329467226743785,4.28390662228093,13.1462337399997,1.70842390931183,0.324265046126778
378,0.328921702158801,4.47968633378157,13.1640444182394,1.85337639010144,0.342158440736593
378,0.311601568928632,4.41327709495888,13.2916919788244,1.76908730741386,0.328355949995543
378,0.311831060291957,4.46075157532,12.7554480194692,1.95437343042603,0.366086866008482
378,0.368049866496751,3.98546453491611,13.4342447409018,1.44943041337144,0.284301338589138
378,0.362144651100824,4.31567876497565,14.1396319432586,1.52086349941422,0.27888902956768
378,0.337946358441318,4.50723550695723,12.3324337742409,2.13661067993288,0.402493396270737
378,0.319617590575196,4.8929299548555,13.6114203893674,2.06515498055607,0.356247019998674
378,0.387237791784948,4.18468481992956,13.0429890035512,1.66068693691992,0.320668849384253
378,0.352289300180925,4.29435936985684,12.8371532577364,1.79384808220801,0.343189788873563
378,0.373461507232256,4.6021958994105,14.2579757490142,1.67852445494326,0.295447606356635
378,0.344037701621375,4.4452384169124,13.4689329828675,1.74922398931237,0.321568140733791
378,0.331849251278967,4.32433821799287,12.7206655216402,1.84954114806665,0.353577042325194
378,0.34500711877037,4.25715005688363,12.8825324957891,1.75345299594866,0.336762481082949
378,0.309456392221055,4.27094952153693,12.2801362302073,1.9328099726236,0.377399254654402
378,0.289299533094285,4.97347529110728,14.383344637178,1.91161118099957,0.319801269176613
378,0.315821114314045,4.46681782439077,12.5894614035621,2.0115164182871,0.37829945964443
378,0.297209966919412,4.3000767353423,13.2854162518094,1.68732726621852,0.318195862852862
378,0.312815547831693,4.22114930901409,12.9685499273114,1.70502601403522,0.328277090131907
378,0.352392336384776,4.20794688688791,13.4890308609192,1.57972368916431,0.299842231565653
378,0.360181604200569,4.15363184343943,13.0761617409424,1.63138215517923,0.316060669052937
378,0.314806643452707,4.65741514476574,13.5194273566451,1.89762097372492,0.338548040185286
378,0.332807118702336,4.34228483030873,12.3889587147729,1.962986639791,0.378047468035567
378,0.32846780478905,4.5985256843995,13.9542197746403,1.74418421951037,0.309780271270641
